categoria,texto
esportes,O time venceu a partida por dois gols
esportes,O jogador marcou o gol da vitória no campeonato
esportes,O campeonato começa neste domingo
esportes,A equipe treinou durante toda a semana
esportes,O atacante marcou três gols na partida
esportes,O técnico anunciou a escalação para o próximo jogo
esportes,O clube contratou um novo jogador para a temporada
esportes,A torcida comemorou a vitória no estádio
esportes,O campeonato nacional terá uma nova rodada
esportes,O goleiro fez uma grande defesa durante o jogo
esportes,A equipe se prepara para a final do torneio
esportes,O jogador recebeu o prêmio de melhor atleta
esportes,O time ganhou a medalha de ouro na competição
esportes,A partida terminou com vitória do time da casa
esportes,O treinador mudou a estratégia durante o segundo tempo
esportes,O campeonato terá jogos durante o fim de semana
esportes,O atleta quebrou o recorde da competição
esportes,A seleção venceu o adversário por três a zero
esportes,O estádio recebeu milhares de torcedores
esportes,O jogador renovou contrato com o clube
esportes,A equipe avançou para a próxima fase
esportes,O árbitro encerrou a partida depois dos noventa minutos
esportes,O time realizou um treinamento antes da decisão
esportes,A competição reúne atletas de vários países
esportes,O atacante foi destaque na vitória da equipe
esportes,O clube apresentou seu novo uniforme
esportes,O jogador se recuperou e voltou aos treinamentos
esportes,A equipe conquistou o título depois de uma grande final
esportes,O campeonato de basquete começou nesta semana
esportes,O piloto venceu a corrida depois de uma disputa acirrada
esportes,A atleta conquistou o primeiro lugar na prova
esportes,O time de vôlei venceu a partida em três sets
esportes,O treinador comemorou o resultado positivo
esportes,A equipe marcou o ponto decisivo no final do jogo
esportes,O torneio terá participação de vários clubes
esportes,O jogador foi convocado para defender a seleção
esportes,A partida foi disputada em um estádio lotado
esportes,O atleta treinou diariamente para a competição
esportes,O time busca mais uma vitória no campeonato
esportes,A equipe se classificou para a fase final
tecnologia,A empresa lançou um novo celular com tecnologia avançada
tecnologia,O processador apresentou melhor desempenho nos testes
tecnologia,A inteligência artificial está evoluindo rapidamente
tecnologia,A fabricante anunciou um novo computador portátil
tecnologia,O novo aplicativo recebeu uma atualização importante
tecnologia,A empresa desenvolveu um sistema de reconhecimento de imagens
tecnologia,O celular possui uma câmera com maior resolução
tecnologia,O novo computador utiliza um processador mais rápido
tecnologia,A tecnologia de armazenamento ficou mais eficiente
tecnologia,A empresa apresentou seu novo dispositivo inteligente
tecnologia,O sistema operacional recebeu uma nova versão
tecnologia,Pesquisadores desenvolveram uma nova ferramenta de inteligência artificial
tecnologia,O aplicativo ganhou novos recursos para os usuários
tecnologia,A fabricante apresentou uma placa gráfica mais potente
tecnologia,O computador conseguiu executar programas pesados com facilidade
tecnologia,A empresa anunciou melhorias na segurança digital
tecnologia,O novo celular possui uma bateria de maior duração
tecnologia,A inteligência artificial está sendo utilizada em novos aplicativos
tecnologia,O laboratório criou um sistema capaz de analisar imagens
tecnologia,A tecnologia de reconhecimento facial foi aprimorada
tecnologia,O novo processador reduziu o consumo de energia
tecnologia,A empresa lançou uma plataforma digital para seus clientes
tecnologia,O dispositivo possui conexão rápida com a internet
tecnologia,Pesquisadores testaram um novo modelo de inteligência artificial
tecnologia,O software recebeu melhorias de desempenho
tecnologia,A empresa apresentou uma nova solução de computação em nuvem
tecnologia,O computador possui maior capacidade de armazenamento
tecnologia,A atualização corrigiu vários problemas do sistema
tecnologia,A tecnologia está transformando diferentes áreas da indústria
tecnologia,O novo aplicativo permite automatizar diversas tarefas
tecnologia,A fabricante anunciou melhorias no sistema de câmeras
tecnologia,O dispositivo foi desenvolvido para tarefas de alto desempenho
tecnologia,A empresa investiu em novos recursos de segurança
tecnologia,O sistema consegue processar grandes quantidades de dados
tecnologia,O novo notebook possui uma tela de alta resolução
tecnologia,A inteligência artificial auxilia na análise de informações
tecnologia,A empresa lançou uma ferramenta para desenvolvimento de software
tecnologia,O processador apresentou bons resultados de desempenho
tecnologia,A tecnologia de armazenamento permite acessar arquivos rapidamente
tecnologia,O aplicativo foi atualizado para melhorar a experiência dos usuários
economia,O governo anunciou novas medidas para a economia
economia,A inflação apresentou queda neste mês
economia,O mercado financeiro teve alta durante a semana
economia,A taxa de juros foi mantida pelo banco central
economia,O país registrou crescimento econômico no trimestre
economia,O governo divulgou novos dados sobre o emprego
economia,As empresas aumentaram os investimentos neste ano
economia,O preço dos produtos apresentou variação no mercado
economia,A economia nacional apresentou sinais de recuperação
economia,O banco central anunciou uma nova decisão sobre os juros
economia,O mercado de ações encerrou o dia em alta
economia,O governo anunciou mudanças no sistema tributário
economia,A taxa de desemprego caiu durante o último trimestre
economia,As exportações cresceram neste período
economia,O comércio registrou aumento nas vendas
economia,O país teve crescimento nas atividades econômicas
economia,A produção industrial aumentou no último mês
economia,O governo divulgou novas medidas para estimular investimentos
economia,Os consumidores aumentaram os gastos durante o período
economia,A moeda nacional apresentou valorização no mercado
economia,O setor industrial registrou crescimento nas vendas
economia,A inflação acumulada apresentou redução
economia,O banco anunciou novas condições para empréstimos
economia,O mercado financeiro acompanhou os novos dados econômicos
economia,As empresas planejam novos investimentos para o próximo ano
economia,O governo apresentou o orçamento para o próximo período
economia,O comércio eletrônico registrou crescimento nas vendas
economia,A economia global apresentou mudanças importantes
economia,Os juros influenciaram o comportamento dos consumidores
economia,A produção das empresas cresceu durante o trimestre
economia,O país aumentou as exportações para outros mercados
economia,O mercado de trabalho apresentou novos resultados positivos
economia,O governo divulgou dados sobre o crescimento do país
economia,As vendas do comércio aumentaram neste mês
economia,A atividade econômica apresentou recuperação
economia,O setor de serviços registrou crescimento
economia,O banco central divulgou novas projeções econômicas
economia,Os investimentos aumentaram em diferentes setores
economia,A renda das famílias apresentou crescimento
economia,O mercado encerrou a semana com resultados positivos
